{
  "GlobalConfiguration": {
    "BaseUrl": "ttp://localhost:3826"
  },
  "Routes": [
    {
      "UpstreamPathTemplate": "/gateway/BeautyCosmetic",
      "UpstreamHttpMethod": [ "Get" ],
      "DownstreamPathTemplate": "/api/BeautyCosmetic",
      "DownstreamScheme": "http",
      "DownstreamHostAndPorts": [
        {
          "Host": "localhost",
          "Port": 5051
        }
      ]
    },
    {
      "UpstreamPathTemplate": "/gateway/BeautyCosmetic/{Id}",
      "UpstreamHttpMethod": [ "Get" ],
      "DownstreamPathTemplate": "/api/BeautyCosmetic/{Id}",
      "DownstreamScheme": "http",
      "DownstreamHostAndPorts": [
        {
          "Host": "localhost",
          "Port": 5051
        }
      ]
    }
  ]

}
